Artist,Type,Releases,# Albums in Catalog,Percentage of Catalog
 Katy Perry,Collaboration,6,11,0.5454545454545454
 Katy Perry,Studio,5,11,0.45454545454545453
10 cc,Box set,1,30,0.03333333333333333
10 cc,Compilation,9,30,0.3
10 cc,Live,2,30,0.06666666666666667
10 cc,Studio,18,30,0.6
2 Chainz,Collaboration,1,8,0.125
2 Chainz,Compilation,1,8,0.125
2 Chainz,Mixtape,2,8,0.25
2 Chainz,Studio,4,8,0.5
3 Doors Down,Compilation,1,10,0.1
3 Doors Down,Extended Play,3,10,0.3
3 Doors Down,Studio,6,10,0.6
4minute,Compilation,1,8,0.125
4minute,Extended Play,7,8,0.875
5 Seconds of Summer,Live,2,5,0.4
5 Seconds of Summer,Studio,3,5,0.6
50 Cent,Compilation,6,44,0.13636363636363635
50 Cent,Mixtape,18,44,0.4090909090909091
50 Cent,Soundtrack,2,44,0.045454545454545456
50 Cent,Studio,18,44,0.4090909090909091
6ix9ine,Mixtape,1,2,0.5
6ix9ine,Studio,1,2,0.5
A R Rahman,Live,1,53,0.018867924528301886
A R Rahman,Soundtrack,48,53,0.9056603773584906
A R Rahman,Studio,4,53,0.07547169811320754
ABBA,Compilation,62,118,0.5254237288135594
ABBA,Live,4,118,0.03389830508474576
ABBA,Other,24,118,0.2033898305084746
ABBA,Remix,2,118,0.01694915254237288
ABBA,Studio,26,118,0.22033898305084745
Aaliyah,Compilation,2,5,0.4
Aaliyah,Studio,3,5,0.6
Abandon All Ships,Studio,3,3,1.0
Ace Hood,Compilation,2,6,0.3333333333333333
Ace Hood,Studio,4,6,0.6666666666666666
Ace of Base,Box set,2,15,0.13333333333333333
Ace of Base,Compilation,6,15,0.4
Ace of Base,Studio,7,15,0.4666666666666667
Afrojack,Studio,1,1,1.0
Akon,Extended Play,1,8,0.125
Akon,Studio,7,8,0.875
Alessia Cara,Studio,2,2,1.0
Alexander Rybak,Studio,4,4,1.0
Alison Krauss,Compilation,4,16,0.25
Alison Krauss,Studio,12,16,0.75
All Time Low,Extended Play,2,10,0.2
All Time Low,Live,1,10,0.1
All Time Low,Studio,7,10,0.7
Aloe Blacc,Extended Play,1,4,0.25
Aloe Blacc,Studio,3,4,0.75
Alphabeat,Studio,3,3,1.0
Alter Bridge,Live,4,10,0.4
Alter Bridge,Studio,6,10,0.6
Amaranthe,Compilation,1,7,0.14285714285714285
Amaranthe,Extended Play,1,7,0.14285714285714285
Amaranthe,Studio,5,7,0.7142857142857143
Amy Winehouse,Live,1,5,0.2
Amy Winehouse,Studio,3,5,0.6
Amy Winehouse,Video,1,5,0.2
Anastacia,Compilation,2,12,0.16666666666666666
Anastacia,Live,1,12,0.08333333333333333
Anastacia,Studio,7,12,0.5833333333333334
Anastacia,Video,2,12,0.16666666666666666
Anberlin,Compilation,3,10,0.3
Anberlin,Studio,7,10,0.7
Andrea Bocelli,Compilation,4,36,0.1111111111111111
Andrea Bocelli,Live,3,36,0.08333333333333333
Andrea Bocelli,Other,2,36,0.05555555555555555
Andrea Bocelli,Studio,16,36,0.4444444444444444
Andrea Bocelli,Video,11,36,0.3055555555555556
Angels & Airwaves,Studio,5,5,1.0
Anggun,Compilation,3,18,0.16666666666666666
Anggun,Other,3,18,0.16666666666666666
Anggun,Soundtrack,1,18,0.05555555555555555
Anggun,Studio,11,18,0.6111111111111112
Apink,Extended Play,7,8,0.875
Apink,Other,1,8,0.125
Apocalyptica,Compilation,2,13,0.15384615384615385
Apocalyptica,Live,1,13,0.07692307692307693
Apocalyptica,Soundtrack,2,13,0.15384615384615385
Apocalyptica,Studio,8,13,0.6153846153846154
Arcade Fire,Studio,5,5,1.0
Ariana Grande,Compilation,4,10,0.4
Ariana Grande,Soundtrack,1,10,0.1
Ariana Grande,Studio,5,10,0.5
Armin Van Buuren,Compilation,1,7,0.14285714285714285
Armin Van Buuren,Studio,6,7,0.8571428571428571
Arnaldo Antunes,Compilation,3,25,0.12
Arnaldo Antunes,Live,7,25,0.28
Arnaldo Antunes,Studio,15,25,0.6
Art Garfunkel,Compilation,18,39,0.46153846153846156
Art Garfunkel,Live,5,39,0.1282051282051282
Art Garfunkel,Soundtrack,1,39,0.02564102564102564
Art Garfunkel,Studio,15,39,0.38461538461538464
Asher Roth,Studio,2,2,1.0
Ashes Divide,Studio,1,1,1.0
Ashlee Simpson,Compilation,2,12,0.16666666666666666
Ashlee Simpson,Studio,10,12,0.8333333333333334
Atreyu,Compilation,1,9,0.1111111111111111
Atreyu,Studio,7,9,0.7777777777777778
Atreyu,Tribute,1,9,0.1111111111111111
Audioslave,Studio,3,3,1.0
August Burns Red,Live,1,9,0.1111111111111111
August Burns Red,Studio,8,9,0.8888888888888888
Aura Dione,Studio,2,2,1.0
Avenged Sevenfold,Studio,7,7,1.0
Avicii,Extended Play,3,6,0.5
Avicii,Studio,3,6,0.5
Backstreet Boys,Compilation,5,16,0.3125
Backstreet Boys,Live,2,16,0.125
Backstreet Boys,Studio,9,16,0.5625
Barenaked Ladies,Compilation,3,23,0.13043478260869565
Barenaked Ladies,Live,4,23,0.17391304347826086
Barenaked Ladies,Studio,16,23,0.6956521739130435
Bee Gees,Compilation,16,44,0.36363636363636365
Bee Gees,Extended Play,2,44,0.045454545454545456
Bee Gees,Live,2,44,0.045454545454545456
Bee Gees,Soundtrack,2,44,0.045454545454545456
Bee Gees,Studio,22,44,0.5
Belinda Peregrín,Collaboration,8,21,0.38095238095238093
Belinda Peregrín,Other,9,21,0.42857142857142855
Belinda Peregrín,Studio,4,21,0.19047619047619047
Beni Arashiro,Live,4,7,0.5714285714285714
Beni Arashiro,Other,3,7,0.42857142857142855
Benny Benassi,Compilation,10,16,0.625
Benny Benassi,Studio,6,16,0.375
Big Sean,Mixtape,2,7,0.2857142857142857
Big Sean,Studio,5,7,0.7142857142857143
Big Time Rush,Extended Play,1,4,0.25
Big Time Rush,Studio,3,4,0.75
Björk,Box set,4,48,0.08333333333333333
Björk,Collaboration,2,48,0.041666666666666664
Björk,Compilation,5,48,0.10416666666666667
Björk,Live,7,48,0.14583333333333334
Björk,Remix,5,48,0.10416666666666667
Björk,Soundtrack,2,48,0.041666666666666664
Björk,Studio,13,48,0.2708333333333333
Björk,Video,10,48,0.20833333333333334
Black Tide,Extended Play,4,7,0.5714285714285714
Black Tide,Studio,3,7,0.42857142857142855
Black Veil Brides,Extended Play,1,6,0.16666666666666666
Black Veil Brides,Studio,5,6,0.8333333333333334
Blackpink,Extended Play,3,4,0.75
Blackpink,Studio,1,4,0.25
Blink182,Compilation,2,13,0.15384615384615385
Blink182,Live,1,13,0.07692307692307693
Blink182,Studio,7,13,0.5384615384615384
Blink182,Video,3,13,0.23076923076923078
Bloodhound Gang,Compilation,1,6,0.16666666666666666
Bloodhound Gang,Studio,5,6,0.8333333333333334
Bloom 06,Studio,2,2,1.0
Blue October,Live,4,13,0.3076923076923077
Blue October,Studio,9,13,0.6923076923076923
Bob Marley,Box set,2,31,0.06451612903225806
Bob Marley,Compilation,8,31,0.25806451612903225
Bob Marley,Live,5,31,0.16129032258064516
Bob Marley,Remix,3,31,0.0967741935483871
Bob Marley,Studio,13,31,0.41935483870967744
Bob Sinclar,Remix,1,5,0.2
Bob Sinclar,Studio,4,5,0.8
Bobby McFerrin,Compilation,4,14,0.2857142857142857
Bobby McFerrin,Live,3,14,0.21428571428571427
Bobby McFerrin,Soundtrack,1,14,0.07142857142857142
Bobby McFerrin,Studio,6,14,0.42857142857142855
Bon Jovi,Compilation,6,49,0.12244897959183673
Bon Jovi,Live,3,49,0.061224489795918366
Bon Jovi,Other,12,49,0.24489795918367346
Bon Jovi,Studio,14,49,0.2857142857142857
Bon Jovi,Video,14,49,0.2857142857142857
Bone Thugs-n-Harmony,Compilation,7,18,0.3888888888888889
Bone Thugs-n-Harmony,Studio,11,18,0.6111111111111112
Boyzone,Compilation,14,48,0.2916666666666667
Boyzone,Cover,8,48,0.16666666666666666
Boyzone,Studio,26,48,0.5416666666666666
Breaking Benjamin,Compilation,1,7,0.14285714285714285
Breaking Benjamin,Studio,6,7,0.8571428571428571
Bridgit Mendler,Extended Play,2,3,0.6666666666666666
Bridgit Mendler,Studio,1,3,0.3333333333333333
Bryan Adams,Collaboration,7,32,0.21875
Bryan Adams,Compilation,5,32,0.15625
Bryan Adams,Live,5,32,0.15625
Bryan Adams,Soundtrack,1,32,0.03125
Bryan Adams,Studio,14,32,0.4375
Buckcherry,Extended Play,1,11,0.09090909090909091
Buckcherry,Live,1,11,0.09090909090909091
Buckcherry,Studio,8,11,0.7272727272727273
Buckcherry,Video,1,11,0.09090909090909091
Bullet for My Valentine,Live,4,4,1.0
Bun B,Compilation,2,13,0.15384615384615385
Bun B,Studio,11,13,0.8461538461538461
Busta Rhymes,Compilation,4,6,0.6666666666666666
Busta Rhymes,Studio,2,6,0.3333333333333333
Butthole Surfers,Compilation,3,13,0.23076923076923078
Butthole Surfers,Live,2,13,0.15384615384615385
Butthole Surfers,Studio,8,13,0.6153846153846154
Carly Rae Jepsen,Compilation,2,8,0.25
Carly Rae Jepsen,Extended Play,2,8,0.25
Carly Rae Jepsen,Studio,4,8,0.5
Carrie Underwood,Collaboration,5,18,0.2777777777777778
Carrie Underwood,Compilation,1,18,0.05555555555555555
Carrie Underwood,Extended Play,5,18,0.2777777777777778
Carrie Underwood,Studio,6,18,0.3333333333333333
Carrie Underwood,Video,1,18,0.05555555555555555
Cascada,Compilation,4,9,0.4444444444444444
Cascada,Remix,1,9,0.1111111111111111
Cascada,Studio,4,9,0.4444444444444444
Cash Cash,Studio,4,4,1.0
Cassadee Pope,Studio,3,3,1.0
Cassper Nyovest,Studio,3,3,1.0
Chamillionaire,Collaboration,2,8,0.25
Chamillionaire,Mixtape,4,8,0.5
Chamillionaire,Studio,2,8,0.25
Charles Aznavour,Collaboration,1,12,0.08333333333333333
Charles Aznavour,Compilation,1,12,0.08333333333333333
Charles Aznavour,Studio,10,12,0.8333333333333334
Chenoa,Other,1,5,0.2
Chenoa,Studio,4,5,0.8
Cher,Compilation,8,38,0.21052631578947367
Cher,Soundtrack,4,38,0.10526315789473684
Cher,Studio,26,38,0.6842105263157895
Cher Lloyd,Studio,2,2,1.0
Chester French,Studio,1,1,1.0
Children of Bodom,Compilation,3,16,0.1875
Children of Bodom,Extended Play,1,16,0.0625
Children of Bodom,Live,2,16,0.125
Children of Bodom,Studio,10,16,0.625
Chris Cornell,Compilation,6,30,0.2
Chris Cornell,Extended Play,7,30,0.23333333333333334
Chris Cornell,Live,3,30,0.1
Chris Cornell,Studio,14,30,0.4666666666666667
Chris Daughtry,Compilation,1,6,0.16666666666666666
Chris Daughtry,Studio,5,6,0.8333333333333334
Chris Stapleton,Studio,3,3,1.0
Christina Milian,Other,3,6,0.5
Christina Milian,Studio,3,6,0.5
Chumbawamba,Other,4,18,0.2222222222222222
Chumbawamba,Studio,14,18,0.7777777777777778
Ciara,Studio,7,8,0.875
Ciara,Video,1,8,0.125
Cinema Bizarre,Studio,3,3,1.0
Coal Chamber,Compilation,3,7,0.42857142857142855
Coal Chamber,Studio,4,7,0.5714285714285714
Colbie Caillat,Studio,6,6,1.0
Colby O'Donis,Studio,8,8,1.0
Coldplay,Compilation,1,12,0.08333333333333333
Coldplay,Extended Play,11,12,0.9166666666666666
Counting Crows,Compilation,2,13,0.15384615384615385
Counting Crows,Live,4,13,0.3076923076923077
Counting Crows,Studio,7,13,0.5384615384615384
Craig David,Compilation,2,9,0.2222222222222222
Craig David,Studio,7,9,0.7777777777777778
Crashdïet,Extended Play,1,5,0.2
Crashdïet,Studio,4,5,0.8
Crazy Frog,Studio,3,3,1.0
Crystal Castles,Extended Play,3,7,0.42857142857142855
Crystal Castles,Studio,4,7,0.5714285714285714
Crystal Kay,Compilation,4,14,0.2857142857142857
Crystal Kay,Studio,10,14,0.7142857142857143
Curren$y,Collaboration,5,19,0.2631578947368421
Curren$y,Compilation,1,19,0.05263157894736842
Curren$y,Mixtape,5,19,0.2631578947368421
Curren$y,Studio,8,19,0.42105263157894735
Cut Copy,Extended Play,1,7,0.14285714285714285
Cut Copy,Other,1,7,0.14285714285714285
Cut Copy,Studio,5,7,0.7142857142857143
Cyndi Lauper,Compilation,8,20,0.4
Cyndi Lauper,Studio,12,20,0.6
Cássia Eller,Compilation,2,13,0.15384615384615385
Cássia Eller,Extended Play,1,13,0.07692307692307693
Cássia Eller,Live,4,13,0.3076923076923077
Cássia Eller,Studio,6,13,0.46153846153846156
D12,Compilation,2,4,0.5
D12,Studio,2,4,0.5
DJ Khaled,Studio,11,11,1.0
DJ Snake,Studio,1,1,1.0
DNCE,Extended Play,1,2,0.5
DNCE,Studio,1,2,0.5
Daddy Yankee,Compilation,3,13,0.23076923076923078
Daddy Yankee,Live,2,13,0.15384615384615385
Daddy Yankee,Soundtrack,1,13,0.07692307692307693
Daddy Yankee,Studio,7,13,0.5384615384615384
Daniel Merriweather,Studio,1,1,1.0
Dark Tranquility,Compilation,3,14,0.21428571428571427
Dark Tranquility,Studio,11,14,0.7857142857142857
Darude,Studio,4,4,1.0
Dave Matthews Band,Compilation,2,20,0.1
Dave Matthews Band,Extended Play,1,20,0.05
Dave Matthews Band,Studio,9,20,0.45
Dave Matthews Band,Video,8,20,0.4
David Banner,Mixtape,1,7,0.14285714285714285
David Banner,Studio,6,7,0.8571428571428571
David Bisbal,Compilation,1,5,0.2
David Bisbal,Studio,4,5,0.8
David Guetta,Compilation,1,8,0.125
David Guetta,Studio,7,8,0.875
David Nail,Studio,4,4,1.0
Deadmau5,Compilation,10,27,0.37037037037037035
Deadmau5,Extended Play,3,27,0.1111111111111111
Deadmau5,Other,6,27,0.2222222222222222
Deadmau5,Studio,8,27,0.2962962962962963
Debbie Harry,Compilation,14,36,0.3888888888888889
Debbie Harry,Live,3,36,0.08333333333333333
Debbie Harry,Remix,3,36,0.08333333333333333
Debbie Harry,Studio,16,36,0.4444444444444444
Deep Purple,Compilation,23,90,0.25555555555555554
Deep Purple,Live,31,90,0.34444444444444444
Deep Purple,Studio,20,90,0.2222222222222222
Deep Purple,Video,16,90,0.17777777777777778
Demi Lovato,Studio,6,6,1.0
Depeche Mode,Compilation,8,43,0.18604651162790697
Depeche Mode,Live,4,43,0.09302325581395349
Depeche Mode,Studio,14,43,0.32558139534883723
Depeche Mode,Tribute,4,43,0.09302325581395349
Depeche Mode,Video,13,43,0.3023255813953488
Desiigner,Mixtape,1,1,1.0
Dido,Extended Play,1,1,1.0
Die Antwoord,Extended Play,1,6,0.16666666666666666
Die Antwoord,Mixtape,1,6,0.16666666666666666
Die Antwoord,Studio,4,6,0.6666666666666666
Dierks Bentley,Compilation,1,10,0.1
Dierks Bentley,Studio,9,10,0.9
Dire Straits,Compilation,3,12,0.25
Dire Straits,Live,3,12,0.25
Dire Straits,Studio,6,12,0.5
Dizzee Rascal,Studio,6,6,1.0
Dolly Parton,Compilation,18,88,0.20454545454545456
Dolly Parton,Live,3,88,0.03409090909090909
Dolly Parton,Soundtrack,4,88,0.045454545454545456
Dolly Parton,Studio,63,88,0.7159090909090909
Dolores O'Riordan,Compilation,3,17,0.17647058823529413
Dolores O'Riordan,Live,1,17,0.058823529411764705
Dolores O'Riordan,Studio,10,17,0.5882352941176471
Dolores O'Riordan,Video,3,17,0.17647058823529413
Don Omar,Collaboration,5,15,0.3333333333333333
Don Omar,Live,4,15,0.26666666666666666
Don Omar,Studio,6,15,0.4
Donna Lewis,Collaboration,1,5,0.2
Donna Lewis,Studio,4,5,0.8
Dr. Dre,Collaboration,16,36,0.4444444444444444
Dr. Dre,Compilation,13,36,0.3611111111111111
Dr. Dre,Extended Play,1,36,0.027777777777777776
Dr. Dre,Studio,6,36,0.16666666666666666
DragonForce,Compilation,1,10,0.1
DragonForce,Live,2,10,0.2
DragonForce,Studio,7,10,0.7
Dragonette,Compilation,1,5,0.2
Dragonette,Studio,4,5,0.8
Drake Bell,Extended Play,1,5,0.2
Drake Bell,Soundtrack,1,5,0.2
Drake Bell,Studio,3,5,0.6
Duck Sauce,Compilation,1,8,0.125
Duck Sauce,Studio,7,8,0.875
Dulce Maria,Compilation,4,17,0.23529411764705882
Dulce Maria,Live,4,17,0.23529411764705882
Dulce Maria,Other,3,17,0.17647058823529413
Dulce Maria,Video,6,17,0.35294117647058826
Duran Duran,Compilation,10,37,0.2702702702702703
Duran Duran,Live,3,37,0.08108108108108109
Duran Duran,Remix,10,37,0.2702702702702703
Duran Duran,Studio,14,37,0.3783783783783784
Easton Corbin,Studio,3,3,1.0
Eiffel 65,Studio,2,2,1.0
Elena Paparizou,Compilation,10,32,0.3125
Elena Paparizou,Extended Play,12,32,0.375
Elena Paparizou,Other,4,32,0.125
Elena Paparizou,Studio,6,32,0.1875
Ellie Goulding,Extended Play,2,6,0.3333333333333333
Ellie Goulding,Studio,4,6,0.6666666666666666
Elton John,Compilation,18,75,0.24
Elton John,Live,5,75,0.06666666666666667
Elton John,Other,4,75,0.05333333333333334
Elton John,Soundtrack,6,75,0.08
Elton John,Studio,31,75,0.41333333333333333
Elton John,Video,11,75,0.14666666666666667
Emily Osment,Extended Play,1,2,0.5
Emily Osment,Studio,1,2,0.5
Eminem,Collaboration,66,120,0.55
Eminem,Compilation,14,120,0.11666666666666667
Eminem,Extended Play,2,120,0.016666666666666666
Eminem,Soundtrack,10,120,0.08333333333333333
Eminem,Studio,24,120,0.2
Eminem,Video,4,120,0.03333333333333333
Emma Bunton,Compilation,1,11,0.09090909090909091
Emma Bunton,Studio,7,11,0.6363636363636364
Emma Bunton,Video,3,11,0.2727272727272727
Emmelie de Forest,Extended Play,1,1,1.0
Enrique Iglesias,Compilation,12,60,0.2
Enrique Iglesias,Live,1,60,0.016666666666666666
Enrique Iglesias,Studio,45,60,0.75
Enrique Iglesias,Video,2,60,0.03333333333333333
Enter Shikari,Compilation,2,14,0.14285714285714285
Enter Shikari,Live,6,14,0.42857142857142855
Enter Shikari,Remix,1,14,0.07142857142857142
Enter Shikari,Studio,5,14,0.35714285714285715
Enya,Box set,2,41,0.04878048780487805
Enya,Compilation,10,41,0.24390243902439024
Enya,Live,3,41,0.07317073170731707
Enya,Soundtrack,2,41,0.04878048780487805
Enya,Studio,24,41,0.5853658536585366
Eros Ramazzotti,Compilation,2,4,0.5
Eros Ramazzotti,Live,2,4,0.5
Erykah Badu,Other,3,8,0.375
Erykah Badu,Studio,5,8,0.625
Escape the Fate,Extended Play,3,9,0.3333333333333333
Escape the Fate,Studio,6,9,0.6666666666666666
Evanescence,Live,2,8,0.25
Evanescence,Other,2,8,0.25
Evanescence,Studio,4,8,0.5
Fabolous,Mixtape,7,13,0.5384615384615384
Fabolous,Studio,6,13,0.46153846153846156
Faithless,Compilation,3,15,0.2
Faithless,Remix,6,15,0.4
Faithless,Studio,6,15,0.4
Fall Out Boy,Compilation,1,18,0.05555555555555555
Fall Out Boy,Extended Play,7,18,0.3888888888888889
Fall Out Boy,Live,1,18,0.05555555555555555
Fall Out Boy,Other,1,18,0.05555555555555555
Fall Out Boy,Remix,1,18,0.05555555555555555
Fall Out Boy,Studio,7,18,0.3888888888888889
Far East Movement,Studio,3,3,1.0
Fever Ray,Remix,2,11,0.18181818181818182
Fever Ray,Soundtrack,1,11,0.09090909090909091
Fever Ray,Studio,7,11,0.6363636363636364
Fever Ray,Video,1,11,0.09090909090909091
Finger Eleven,Compilation,1,8,0.125
Finger Eleven,Studio,7,8,0.875
Fish Leong,Compilation,2,14,0.14285714285714285
Fish Leong,Studio,12,14,0.8571428571428571
Five for Fighting,Live,1,7,0.14285714285714285
Five for Fighting,Studio,6,7,0.8571428571428571
Flo Rida,Studio,4,4,1.0
Florence Welch,Live,2,6,0.3333333333333333
Florence Welch,Studio,4,6,0.6666666666666666
Florence and the Machine,Live,2,6,0.3333333333333333
Florence and the Machine,Studio,4,6,0.6666666666666666
Frankie Goes to Hollywood,Compilation,10,12,0.8333333333333334
Frankie Goes to Hollywood,Studio,2,12,0.16666666666666666
French Montana,Collaboration,2,17,0.11764705882352941
French Montana,Compilation,3,17,0.17647058823529413
French Montana,Mixtape,10,17,0.5882352941176471
French Montana,Studio,2,17,0.11764705882352941
G.NA,Collaboration,1,2,0.5
G.NA,Studio,1,2,0.5
Gary Allan,Compilation,2,11,0.18181818181818182
Gary Allan,Studio,9,11,0.8181818181818182
George Benson,Compilation,5,41,0.12195121951219512
George Benson,Live,2,41,0.04878048780487805
George Benson,Studio,34,41,0.8292682926829268
George Harrison,Box set,6,36,0.16666666666666666
George Harrison,Collaboration,3,36,0.08333333333333333
George Harrison,Compilation,5,36,0.1388888888888889
George Harrison,Live,8,36,0.2222222222222222
George Harrison,Studio,14,36,0.3888888888888889
George Michael,Compilation,5,15,0.3333333333333333
George Michael,Live,3,15,0.2
George Michael,Studio,7,15,0.4666666666666667
George Strait,Box set,2,51,0.0392156862745098
George Strait,Compilation,12,51,0.23529411764705882
George Strait,Live,3,51,0.058823529411764705
George Strait,Other,4,51,0.0784313725490196
George Strait,Studio,30,51,0.5882352941176471
Ghostface Killah,Collaboration,13,44,0.29545454545454547
Ghostface Killah,Compilation,7,44,0.1590909090909091
Ghostface Killah,Other,16,44,0.36363636363636365
Ghostface Killah,Studio,8,44,0.18181818181818182
Gin Lee,Studio,1,1,1.0
Giorgio Moroder,Soundtrack,7,19,0.3684210526315789
Giorgio Moroder,Studio,12,19,0.631578947368421
Girls' Generation,Extended Play,6,16,0.375
Girls' Generation,Video,10,16,0.625
Glasses Malone,Compilation,1,1,1.0
Godsmack,Compilation,1,11,0.09090909090909091
Godsmack,Extended Play,1,11,0.09090909090909091
Godsmack,Live,1,11,0.09090909090909091
Godsmack,Other,1,11,0.09090909090909091
Godsmack,Studio,7,11,0.6363636363636364
Gorillaz,Collaboration,6,137,0.043795620437956206
Gorillaz,Compilation,43,137,0.31386861313868614
Gorillaz,Extended Play,8,137,0.058394160583941604
Gorillaz,Live,10,137,0.072992700729927
Gorillaz,Remix,1,137,0.0072992700729927005
Gorillaz,Soundtrack,2,137,0.014598540145985401
Gorillaz,Studio,57,137,0.41605839416058393
Gorillaz,Video,10,137,0.072992700729927
Gotye,Other,1,4,0.25
Gotye,Studio,3,4,0.75
Great White,Compilation,13,38,0.34210526315789475
Great White,Cover,3,38,0.07894736842105263
Great White,Extended Play,3,38,0.07894736842105263
Great White,Live,7,38,0.18421052631578946
Great White,Studio,12,38,0.3157894736842105
Guns N' Roses,Compilation,3,14,0.21428571428571427
Guns N' Roses,Extended Play,3,14,0.21428571428571427
Guns N' Roses,Live,2,14,0.14285714285714285
Guns N' Roses,Studio,6,14,0.42857142857142855
Gwen Stefani,Compilation,3,17,0.17647058823529413
Gwen Stefani,Studio,10,17,0.5882352941176471
Gwen Stefani,Video,4,17,0.23529411764705882
Haddaway,Studio,3,3,1.0
Hailee Steinfeld,Extended Play,1,1,1.0
Hellogoodbye,Extended Play,1,4,0.25
Hellogoodbye,Studio,2,4,0.5
Hellogoodbye,Video,1,4,0.25
Hinder,Studio,6,6,1.0
Holly Williams,Collaboration,2,63,0.031746031746031744
Holly Williams,Compilation,15,63,0.23809523809523808
Holly Williams,Studio,46,63,0.7301587301587301
Hollywood Undead,Live,1,7,0.14285714285714285
Hollywood Undead,Remix,1,7,0.14285714285714285
Hollywood Undead,Studio,5,7,0.7142857142857143
Hoobastank,Compilation,2,12,0.16666666666666666
Hoobastank,Extended Play,2,12,0.16666666666666666
Hoobastank,Studio,7,12,0.5833333333333334
Hoobastank,Video,1,12,0.08333333333333333
I Blame Coco,Compilation,3,23,0.13043478260869565
I Blame Coco,Live,5,23,0.21739130434782608
I Blame Coco,Studio,15,23,0.6521739130434783
IZ*ONE,Extended Play,7,7,1.0
Ice Nine Kills,Studio,5,5,1.0
Idina Menzel,Live,1,6,0.16666666666666666
Idina Menzel,Studio,5,6,0.8333333333333334
Iggy Azalea,Mixtape,2,4,0.5
Iggy Azalea,Studio,2,4,0.5
Il Volo,Compilation,1,9,0.1111111111111111
Il Volo,Extended Play,2,9,0.2222222222222222
Il Volo,Live,2,9,0.2222222222222222
Il Volo,Studio,4,9,0.4444444444444444
Imagine Dragons,Live,2,6,0.3333333333333333
Imagine Dragons,Studio,4,6,0.6666666666666666
Infected Mushroom,Studio,5,5,1.0
Irene Cara,Studio,3,3,1.0
Iron Maiden,Box set,3,60,0.05
Iron Maiden,Compilation,7,60,0.11666666666666667
Iron Maiden,Extended Play,4,60,0.06666666666666667
Iron Maiden,Live,13,60,0.21666666666666667
Iron Maiden,Studio,16,60,0.26666666666666666
Iron Maiden,Video,17,60,0.2833333333333333
Ironik,Studio,1,1,1.0
Isaac Hayes,Soundtrack,4,25,0.16
Isaac Hayes,Studio,21,25,0.84
Israel Kamakawiwoʻole,Compilation,2,6,0.3333333333333333
Israel Kamakawiwoʻole,Studio,4,6,0.6666666666666666
Ivete Sangalo,Live,2,7,0.2857142857142857
Ivete Sangalo,Studio,5,7,0.7142857142857143
Ja Rule,Other,2,9,0.2222222222222222
Ja Rule,Studio,7,9,0.7777777777777778
Jacquees,Compilation,1,1,1.0
Jadakiss,Compilation,1,5,0.2
Jadakiss,Mixtape,1,5,0.2
Jadakiss,Studio,3,5,0.6
James Blunt,Extended Play,1,9,0.1111111111111111
James Blunt,Live,3,9,0.3333333333333333
James Blunt,Studio,5,9,0.5555555555555556
Jan Hammer,Box set,1,17,0.058823529411764705
Jan Hammer,Live,3,17,0.17647058823529413
Jan Hammer,Studio,13,17,0.7647058823529411
Jay Sean,Compilation,5,9,0.5555555555555556
Jay Sean,Studio,4,9,0.4444444444444444
Jay-Z,Collaboration,5,26,0.19230769230769232
Jay-Z,Compilation,5,26,0.19230769230769232
Jay-Z,Live,2,26,0.07692307692307693
Jay-Z,Studio,14,26,0.5384615384615384
Jean-Michel Jarre,Compilation,6,39,0.15384615384615385
Jean-Michel Jarre,Live,8,39,0.20512820512820512
Jean-Michel Jarre,Remix,2,39,0.05128205128205128
Jean-Michel Jarre,Studio,23,39,0.5897435897435898
Jedward,Studio,6,6,1.0
Jennifer Lopez,Collaboration,15,32,0.46875
Jennifer Lopez,Compilation,2,32,0.0625
Jennifer Lopez,Extended Play,1,32,0.03125
Jennifer Lopez,Remix,3,32,0.09375
Jennifer Lopez,Studio,8,32,0.25
Jennifer Lopez,Video,3,32,0.09375
Jeremih,Studio,5,5,1.0
Jessica Mauboy,Extended Play,1,4,0.25
Jessica Mauboy,Live,1,4,0.25
Jessica Mauboy,Studio,2,4,0.5
Jessica Sanchez,Studio,1,1,1.0
Jessica Simpson,Compilation,2,9,0.2222222222222222
Jessica Simpson,Studio,7,9,0.7777777777777778
Jessie J,Studio,5,5,1.0
Jessie James,Studio,3,3,1.0
Jin Au-Yeung,Extended Play,1,5,0.2
Jin Au-Yeung,Studio,4,5,0.8
Joe Cocker,Compilation,14,42,0.3333333333333333
Joe Cocker,Live,6,42,0.14285714285714285
Joe Cocker,Studio,22,42,0.5238095238095238
Joe Jonas,Extended Play,2,12,0.16666666666666666
Joe Jonas,Live,3,12,0.25
Joe Jonas,Studio,7,12,0.5833333333333334
Joe Satriani,Compilation,27,127,0.2125984251968504
Joe Satriani,Live,36,127,0.28346456692913385
Joe Satriani,Studio,48,127,0.3779527559055118
Joe Satriani,Video,16,127,0.12598425196850394
Joe Walsh,Compilation,15,47,0.3191489361702128
Joe Walsh,Live,3,47,0.06382978723404255
Joe Walsh,Soundtrack,1,47,0.02127659574468085
Joe Walsh,Studio,28,47,0.5957446808510638
John Lennon,Box set,4,28,0.14285714285714285
John Lennon,Compilation,13,28,0.4642857142857143
John Lennon,Live,5,28,0.17857142857142858
John Lennon,Other,3,28,0.10714285714285714
John Lennon,Remix,3,28,0.10714285714285714
John Mayer,Extended Play,5,18,0.2777777777777778
John Mayer,Live,4,18,0.2222222222222222
John Mayer,Studio,7,18,0.3888888888888889
John Mayer,Video,2,18,0.1111111111111111
Johnny Cash,Compilation,30,113,0.26548672566371684
Johnny Cash,Live,8,113,0.07079646017699115
Johnny Cash,Soundtrack,2,113,0.017699115044247787
Johnny Cash,Studio,73,113,0.6460176991150443
Jonas Blue,Compilation,1,2,0.5
Jonas Blue,Studio,1,2,0.5
Josh Dun,Studio,4,4,1.0
Josh Gracin,Studio,3,3,1.0
Josh Turner,Compilation,1,8,0.125
Josh Turner,Studio,7,8,0.875
Jovanotti,Compilation,6,25,0.24
Jovanotti,Live,6,25,0.24
Jovanotti,Studio,13,25,0.52
Juanes,Collaboration,10,30,0.3333333333333333
Juanes,Live,6,30,0.2
Juanes,Studio,14,30,0.4666666666666667
Juelz Santana,Collaboration,2,7,0.2857142857142857
Juelz Santana,Mixtape,1,7,0.14285714285714285
Juelz Santana,Studio,4,7,0.5714285714285714
Junnosuke Taguchi,Other,1,8,0.125
Junnosuke Taguchi,Studio,7,8,0.875
Justin Bieber,Compilation,2,10,0.2
Justin Bieber,Extended Play,1,10,0.1
Justin Bieber,Remix,3,10,0.3
Justin Bieber,Studio,4,10,0.4
Kacey Musgraves,Studio,4,4,1.0
Kanye West,Collaboration,2,16,0.125
Kanye West,Compilation,2,16,0.125
Kanye West,Live,2,16,0.125
Kanye West,Mixtape,1,16,0.0625
Kanye West,Studio,9,16,0.5625
Kardinal Offishall,Collaboration,1,7,0.14285714285714285
Kardinal Offishall,Extended Play,1,7,0.14285714285714285
Kardinal Offishall,Studio,5,7,0.7142857142857143
Kat DeLuna,Mixtape,1,3,0.3333333333333333
Kat DeLuna,Studio,2,3,0.6666666666666666
Katharine McPhee,Compilation,1,19,0.05263157894736842
Katharine McPhee,Soundtrack,13,19,0.6842105263157895
Katharine McPhee,Studio,5,19,0.2631578947368421
Keith Urban,Collaboration,7,22,0.3181818181818182
Keith Urban,Compilation,4,22,0.18181818181818182
Keith Urban,Other,2,22,0.09090909090909091
Keith Urban,Studio,9,22,0.4090909090909091
Kelis,Other,2,8,0.25
Kelis,Studio,6,8,0.75
Kendrick Lamar,Compilation,1,8,0.125
Kendrick Lamar,Mixtape,2,8,0.25
Kendrick Lamar,Soundtrack,1,8,0.125
Kendrick Lamar,Studio,4,8,0.5
Keri Hilson,Studio,3,3,1.0
Keshia Chanté,Studio,3,3,1.0
Kevin Rudolf,Compilation,2,4,0.5
Kevin Rudolf,Studio,2,4,0.5
Keyshia Cole,Mixtape,1,8,0.125
Keyshia Cole,Studio,7,8,0.875
Kid Cudi,Collaboration,2,9,0.2222222222222222
Kid Cudi,Mixtape,1,9,0.1111111111111111
Kid Cudi,Studio,6,9,0.6666666666666666
Kim Wilde,Compilation,4,19,0.21052631578947367
Kim Wilde,Remix,1,19,0.05263157894736842
Kim Wilde,Studio,14,19,0.7368421052631579
Kris Wu,Extended Play,6,9,0.6666666666666666
Kris Wu,Live,3,9,0.3333333333333333
LMFAO,Studio,3,3,1.0
LUNA SEA,Compilation,4,18,0.2222222222222222
LUNA SEA,Other,5,18,0.2777777777777778
LUNA SEA,Studio,9,18,0.5
La Roux,Studio,2,2,1.0
Lady Antebellum,Studio,7,7,1.0
Lady Gaga,Compilation,3,13,0.23076923076923078
Lady Gaga,Extended Play,4,13,0.3076923076923077
Lady Gaga,Soundtrack,1,13,0.07692307692307693
Lady Gaga,Studio,5,13,0.38461538461538464
Lana Del Rey,Extended Play,3,9,0.3333333333333333
Lana Del Rey,Studio,6,9,0.6666666666666666
Lee Ann Womack,Compilation,1,11,0.09090909090909091
Lee Ann Womack,Extended Play,1,11,0.09090909090909091
Lee Ann Womack,Studio,9,11,0.8181818181818182
Legião Urbana,Compilation,2,13,0.15384615384615385
Legião Urbana,Live,3,13,0.23076923076923078
Legião Urbana,Studio,8,13,0.6153846153846154
Lena Meyer-Landrut,Studio,5,6,0.8333333333333334
Lena Meyer-Landrut,Video,1,6,0.16666666666666666
Lil Twist,Compilation,3,3,1.0
Lil Wayne,Compilation,7,36,0.19444444444444445
Lil Wayne,Mixtape,12,36,0.3333333333333333
Lil Wayne,Soundtrack,1,36,0.027777777777777776
Lil Wayne,Studio,16,36,0.4444444444444444
Lil Yachty,Mixtape,2,5,0.4
Lil Yachty,Studio,3,5,0.6
Lil' Kim,Mixtape,4,12,0.3333333333333333
Lil' Kim,Soundtrack,6,12,0.5
Lil' Kim,Studio,2,12,0.16666666666666666
Limp Bizkit,Compilation,3,13,0.23076923076923078
Limp Bizkit,Live,1,13,0.07692307692307693
Limp Bizkit,Remix,1,13,0.07692307692307693
Limp Bizkit,Studio,6,13,0.46153846153846156
Limp Bizkit,Video,2,13,0.15384615384615385
Lionel Richie,Compilation,3,14,0.21428571428571427
Lionel Richie,Live,1,14,0.07142857142857142
Lionel Richie,Studio,10,14,0.7142857142857143
Lorde,Extended Play,2,5,0.4
Lorde,Soundtrack,1,5,0.2
Lorde,Studio,2,5,0.4
Lucenzo,Studio,1,1,1.0
Ludacris,Compilation,2,12,0.16666666666666666
Ludacris,Mixtape,1,12,0.08333333333333333
Ludacris,Studio,9,12,0.75
Luke Bryan,Compilation,1,12,0.08333333333333333
Luke Bryan,Extended Play,5,12,0.4166666666666667
Luke Bryan,Studio,6,12,0.5
Mack 10,Collaboration,2,11,0.18181818181818182
Mack 10,Compilation,1,11,0.09090909090909091
Mack 10,Studio,8,11,0.7272727272727273
Mack Maine,Compilation,4,4,1.0
Mannie Fresh,Compilation,1,9,0.1111111111111111
Mannie Fresh,Soundtrack,1,9,0.1111111111111111
Mannie Fresh,Studio,7,9,0.7777777777777778
Maria Isabel,Studio,4,4,1.0
Mariah Carey,Compilation,7,23,0.30434782608695654
Mariah Carey,Live,1,23,0.043478260869565216
Mariah Carey,Soundtrack,1,23,0.043478260869565216
Mariah Carey,Studio,14,23,0.6086956521739131
Marilyn Manson,Compilation,3,19,0.15789473684210525
Marilyn Manson,Extended Play,2,19,0.10526315789473684
Marilyn Manson,Live,1,19,0.05263157894736842
Marilyn Manson,Studio,10,19,0.5263157894736842
Marilyn Manson,Video,3,19,0.15789473684210525
Mark Oliver Everett,Compilation,2,7,0.2857142857142857
Mark Oliver Everett,Live,5,7,0.7142857142857143
Maroon 5,Compilation,3,13,0.23076923076923078
Maroon 5,Live,4,13,0.3076923076923077
Maroon 5,Studio,6,13,0.46153846153846156
Marshmello,Studio,3,3,1.0
Martin Garrix,Extended Play,3,3,1.0
Martin Solveig,Studio,3,3,1.0
Masaharu Fukuyama,Compilation,2,6,0.3333333333333333
Masaharu Fukuyama,Studio,4,6,0.6666666666666666
Meat Loaf,Compilation,4,22,0.18181818181818182
Meat Loaf,Live,5,22,0.22727272727272727
Meat Loaf,Studio,13,22,0.5909090909090909
Megadeth,Compilation,6,36,0.16666666666666666
Megadeth,Extended Play,4,36,0.1111111111111111
Megadeth,Live,5,36,0.1388888888888889
Megadeth,Studio,15,36,0.4166666666666667
Megadeth,Video,6,36,0.16666666666666666
Melanie Fiona,Studio,2,2,1.0
Melissa Etheridge,Compilation,1,2,0.5
Melissa Etheridge,Other,1,2,0.5
Melody Gardot,Studio,3,3,1.0
Metal Church,Live,1,13,0.07692307692307693
Metal Church,Studio,12,13,0.9230769230769231
Metallica,Box set,4,34,0.11764705882352941
Metallica,Collaboration,1,34,0.029411764705882353
Metallica,Cover,1,34,0.029411764705882353
Metallica,Extended Play,2,34,0.058823529411764705
Metallica,Live,5,34,0.14705882352941177
Metallica,Studio,10,34,0.29411764705882354
Metallica,Video,11,34,0.3235294117647059
Method Man,Collaboration,3,29,0.10344827586206896
Method Man,Compilation,4,29,0.13793103448275862
Method Man,Other,16,29,0.5517241379310345
Method Man,Studio,6,29,0.20689655172413793
Michael Jackson,Box set,7,84,0.08333333333333333
Michael Jackson,Compilation,43,84,0.5119047619047619
Michael Jackson,Live,6,84,0.07142857142857142
Michael Jackson,Posthumous,2,84,0.023809523809523808
Michael Jackson,Remix,4,84,0.047619047619047616
Michael Jackson,Soundtrack,4,84,0.047619047619047616
Michael Jackson,Studio,10,84,0.11904761904761904
Michael Jackson,Video,8,84,0.09523809523809523
Migos,Mixtape,3,11,0.2727272727272727
Migos,Studio,8,11,0.7272727272727273
Mike Posner,Mixtape,1,4,0.25
Mike Posner,Studio,3,4,0.75
Miley Cyrus,Collaboration,16,31,0.5161290322580645
Miley Cyrus,Extended Play,2,31,0.06451612903225806
Miley Cyrus,Live,1,31,0.03225806451612903
Miley Cyrus,Soundtrack,5,31,0.16129032258064516
Miley Cyrus,Studio,7,31,0.22580645161290322
Miss A,Extended Play,3,5,0.6
Miss A,Studio,2,5,0.4
Miyavi,Compilation,4,15,0.26666666666666666
Miyavi,Live,1,15,0.06666666666666667
Miyavi,Studio,10,15,0.6666666666666666
Mohamed Mounir,Other,21,21,1.0
Momoiro Clover,Compilation,1,1,1.0
Mr Hudson,Studio,2,2,1.0
Mushroomhead,Compilation,1,10,0.1
Mushroomhead,Remix,2,10,0.2
Mushroomhead,Studio,7,10,0.7
Mylène Farmer,Compilation,2,15,0.13333333333333333
Mylène Farmer,Remix,2,15,0.13333333333333333
Mylène Farmer,Studio,11,15,0.7333333333333333
Mýa,Compilation,1,11,0.09090909090909091
Mýa,Mixtape,1,11,0.09090909090909091
Mýa,Soundtrack,1,11,0.09090909090909091
Mýa,Studio,8,11,0.7272727272727273
N-Dubz,Compilation,1,6,0.16666666666666666
N-Dubz,Studio,5,6,0.8333333333333334
N.E.R.D,Compilation,1,8,0.125
N.E.R.D,Studio,7,8,0.875
NOFX,Compilation,4,21,0.19047619047619047
NOFX,Live,3,21,0.14285714285714285
NOFX,Studio,14,21,0.6666666666666666
Namie Amuro,Collaboration,3,26,0.11538461538461539
Namie Amuro,Compilation,7,26,0.2692307692307692
Namie Amuro,Studio,12,26,0.46153846153846156
Namie Amuro,Video,4,26,0.15384615384615385
Nas,Collaboration,24,40,0.6
Nas,Compilation,2,40,0.05
Nas,Other,3,40,0.075
Nas,Studio,11,40,0.275
Natalia Kills,Studio,2,2,1.0
Natalia Lafourcade,Extended Play,1,8,0.125
Natalia Lafourcade,Live,1,8,0.125
Natalia Lafourcade,Studio,6,8,0.75
Ne-Yo,Compilation,1,8,0.125
Ne-Yo,Studio,7,8,0.875
Nelly,Compilation,2,7,0.2857142857142857
Nelly,Remix,1,7,0.14285714285714285
Nelly,Soundtrack,4,7,0.5714285714285714
Nelly Furtado,Collaboration,13,22,0.5909090909090909
Nelly Furtado,Compilation,2,22,0.09090909090909091
Nelly Furtado,Live,1,22,0.045454545454545456
Nelly Furtado,Studio,6,22,0.2727272727272727
Neon Trees,Studio,3,3,1.0
Nick Cave,Compilation,6,39,0.15384615384615385
Nick Cave,Extended Play,7,39,0.1794871794871795
Nick Cave,Live,6,39,0.15384615384615385
Nick Cave,Studio,20,39,0.5128205128205128
Nickelback,Compilation,2,15,0.13333333333333333
Nickelback,Extended Play,1,15,0.06666666666666667
Nickelback,Studio,9,15,0.6
Nickelback,Video,3,15,0.2
Nicki Minaj,Compilation,7,15,0.4666666666666667
Nicki Minaj,Mixtape,3,15,0.2
Nicki Minaj,Studio,5,15,0.3333333333333333
Nicola Roberts,Other,3,13,0.23076923076923078
Nicola Roberts,Studio,6,13,0.46153846153846156
Nicola Roberts,Video,4,13,0.3076923076923077
Nicole Scherzinger,Collaboration,10,14,0.7142857142857143
Nicole Scherzinger,Extended Play,1,14,0.07142857142857142
Nicole Scherzinger,Live,1,14,0.07142857142857142
Nicole Scherzinger,Studio,2,14,0.14285714285714285
Nightwish,Box set,1,21,0.047619047619047616
Nightwish,Compilation,6,21,0.2857142857142857
Nightwish,Live,6,21,0.2857142857142857
Nightwish,Studio,8,21,0.38095238095238093
Nine Inch Nails,Box set,1,22,0.045454545454545456
Nine Inch Nails,Compilation,3,22,0.13636363636363635
Nine Inch Nails,Extended Play,6,22,0.2727272727272727
Nine Inch Nails,Remix,3,22,0.13636363636363635
Nine Inch Nails,Studio,9,22,0.4090909090909091
O-Town,Studio,3,3,1.0
Of Monsters and Men,Extended Play,1,5,0.2
Of Monsters and Men,Live,1,5,0.2
Of Monsters and Men,Studio,3,5,0.6
Oingo Boingo,Compilation,4,16,0.25
Oingo Boingo,Extended Play,2,16,0.125
Oingo Boingo,Live,2,16,0.125
Oingo Boingo,Studio,8,16,0.5
OneRepublic,Studio,4,4,1.0
Oomph!,Compilation,4,4,1.0
Orianthi,Box set,12,60,0.2
Orianthi,Compilation,12,60,0.2
Orianthi,Live,5,60,0.08333333333333333
Orianthi,Studio,31,60,0.5166666666666667
Owl City,Extended Play,4,10,0.4
Owl City,Studio,6,10,0.6
P.O.D.,Compilation,2,15,0.13333333333333333
P.O.D.,Extended Play,2,15,0.13333333333333333
P.O.D.,Live,1,15,0.06666666666666667
P.O.D.,Studio,10,15,0.6666666666666666
PSY,Compilation,1,9,0.1111111111111111
PSY,Extended Play,1,9,0.1111111111111111
PSY,Studio,7,9,0.7777777777777778
Papa Roach,Compilation,1,14,0.07142857142857142
Papa Roach,Live,1,14,0.07142857142857142
Papa Roach,Studio,10,14,0.7142857142857143
Papa Roach,Video,2,14,0.14285714285714285
Paul McCartney,Compilation,10,33,0.30303030303030304
Paul McCartney,Live,11,33,0.3333333333333333
Paul McCartney,Other,5,33,0.15151515151515152
Paul McCartney,Studio,7,33,0.21212121212121213
Paulina Rubio,Collaboration,4,32,0.125
Paulina Rubio,Compilation,6,32,0.1875
Paulina Rubio,Extended Play,2,32,0.0625
Paulina Rubio,Live,2,32,0.0625
Paulina Rubio,Studio,18,32,0.5625
Pet Shop Boys,Compilation,8,34,0.23529411764705882
Pet Shop Boys,Extended Play,2,34,0.058823529411764705
Pet Shop Boys,Live,3,34,0.08823529411764706
Pet Shop Boys,Remix,4,34,0.11764705882352941
Pet Shop Boys,Soundtrack,4,34,0.11764705882352941
Pet Shop Boys,Studio,13,34,0.38235294117647056
Peter Bjorn and John,Studio,8,8,1.0
Phil Collins,Box set,9,68,0.1323529411764706
Phil Collins,Compilation,7,68,0.10294117647058823
Phil Collins,Live,9,68,0.1323529411764706
Phil Collins,Soundtrack,4,68,0.058823529411764705
Phil Collins,Studio,31,68,0.45588235294117646
Phil Collins,Video,8,68,0.11764705882352941
Pierce the Veil,Studio,4,5,0.8
Pierce the Veil,Video,1,5,0.2
Pink Floyd,Box set,8,156,0.05128205128205128
Pink Floyd,Collaboration,16,156,0.10256410256410256
Pink Floyd,Compilation,32,156,0.20512820512820512
Pink Floyd,Live,18,156,0.11538461538461539
Pink Floyd,Other,10,156,0.0641025641025641
Pink Floyd,Soundtrack,20,156,0.1282051282051282
Pink Floyd,Studio,52,156,0.3333333333333333
Pixie Lott,Compilation,1,4,0.25
Pixie Lott,Studio,3,4,0.75
Playaz Circle,Collaboration,1,8,0.125
Playaz Circle,Compilation,1,8,0.125
Playaz Circle,Mixtape,2,8,0.25
Playaz Circle,Studio,4,8,0.5
Post Malone,Mixtape,1,3,0.3333333333333333
Post Malone,Studio,2,3,0.6666666666666666
Prima J,Studio,1,1,1.0
Prudence Liew,Compilation,5,21,0.23809523809523808
Prudence Liew,Live,1,21,0.047619047619047616
Prudence Liew,Studio,15,21,0.7142857142857143
Push Baby,Studio,1,1,1.0
Pussycat Dolls,Collaboration,10,18,0.5555555555555556
Pussycat Dolls,Extended Play,1,18,0.05555555555555555
Pussycat Dolls,Live,1,18,0.05555555555555555
Pussycat Dolls,Mixtape,2,18,0.1111111111111111
Pussycat Dolls,Studio,4,18,0.2222222222222222
Queens of the Stone Age,Extended Play,3,12,0.25
Queens of the Stone Age,Live,2,12,0.16666666666666666
Queens of the Stone Age,Studio,7,12,0.5833333333333334
Queensrÿche,Compilation,4,24,0.16666666666666666
Queensrÿche,Live,4,24,0.16666666666666666
Queensrÿche,Studio,16,24,0.6666666666666666
Radwimps,Studio,10,10,1.0
Rae Sremmurd,Studio,3,3,1.0
Rammstein,Compilation,2,2,1.0
Ramones,Compilation,14,43,0.32558139534883723
Ramones,Live,6,43,0.13953488372093023
Ramones,Studio,14,43,0.32558139534883723
Ramones,Tribute,9,43,0.20930232558139536
Randy Newman,Compilation,4,22,0.18181818181818182
Randy Newman,Live,1,22,0.045454545454545456
Randy Newman,Soundtrack,6,22,0.2727272727272727
Randy Newman,Studio,11,22,0.5
Raven-Symoné,Collaboration,5,20,0.25
Raven-Symoné,Compilation,1,20,0.05
Raven-Symoné,Live,1,20,0.05
Raven-Symoné,Soundtrack,7,20,0.35
Raven-Symoné,Studio,6,20,0.3
Razorlight,Studio,3,3,1.0
Reba McEntire,Compilation,11,45,0.24444444444444444
Reba McEntire,Live,1,45,0.022222222222222223
Reba McEntire,Studio,33,45,0.7333333333333333
Red Hot Chili Peppers,Compilation,10,21,0.47619047619047616
Red Hot Chili Peppers,Studio,11,21,0.5238095238095238
Renato Russo,Compilation,2,13,0.15384615384615385
Renato Russo,Live,3,13,0.23076923076923078
Renato Russo,Studio,8,13,0.6153846153846154
Rev Theory,Studio,4,4,1.0
Rick Astley,Compilation,12,23,0.5217391304347826
Rick Astley,Remix,2,23,0.08695652173913043
Rick Astley,Studio,9,23,0.391304347826087
Rick Ross,Compilation,7,20,0.35
Rick Ross,Mixtape,4,20,0.2
Rick Ross,Studio,9,20,0.45
Rihanna,Collaboration,22,36,0.6111111111111112
Rihanna,Remix,2,36,0.05555555555555555
Rihanna,Studio,9,36,0.25
Rihanna,Video,3,36,0.08333333333333333
Ringo Sheena,Compilation,5,19,0.2631578947368421
Ringo Sheena,Live,1,19,0.05263157894736842
Ringo Sheena,Soundtrack,1,19,0.05263157894736842
Ringo Sheena,Studio,12,19,0.631578947368421
Ringo Starr,Compilation,6,36,0.16666666666666666
Ringo Starr,Live,11,36,0.3055555555555556
Ringo Starr,Studio,19,36,0.5277777777777778
Rise Against,Compilation,2,10,0.2
Rise Against,Studio,8,10,0.8
Rob Zombie,Compilation,5,25,0.2
Rob Zombie,Extended Play,4,25,0.16
Rob Zombie,Live,1,25,0.04
Rob Zombie,Remix,4,25,0.16
Rob Zombie,Studio,10,25,0.4
Rob Zombie,Video,1,25,0.04
Robbie Williams,Box set,5,47,0.10638297872340426
Robbie Williams,Compilation,18,47,0.3829787234042553
Robbie Williams,Live,2,47,0.0425531914893617
Robbie Williams,Other,3,47,0.06382978723404255
Robbie Williams,Studio,19,47,0.40425531914893614
Robyn,Compilation,1,14,0.07142857142857142
Robyn,Extended Play,5,14,0.35714285714285715
Robyn,Studio,8,14,0.5714285714285714
Rod Stewart,Compilation,13,55,0.23636363636363636
Rod Stewart,Live,4,55,0.07272727272727272
Rod Stewart,Studio,38,55,0.6909090909090909
Ross Lynch,Extended Play,4,6,0.6666666666666666
Ross Lynch,Studio,2,6,0.3333333333333333
Rubber Soul,Box set,12,79,0.1518987341772152
Rubber Soul,Compilation,13,79,0.16455696202531644
Rubber Soul,Extended Play,16,79,0.20253164556962025
Rubber Soul,Live,5,79,0.06329113924050633
Rubber Soul,Other,17,79,0.21518987341772153
Rubber Soul,Remix,4,79,0.05063291139240506
Rubber Soul,Studio,12,79,0.1518987341772152
Ryan Tedder,Studio,4,4,1.0
SHINee,Compilation,4,6,0.6666666666666666
SHINee,Studio,2,6,0.3333333333333333
Sakis Rouvas,Compilation,10,50,0.2
Sakis Rouvas,Live,4,50,0.08
Sakis Rouvas,Soundtrack,2,50,0.04
Sakis Rouvas,Studio,26,50,0.52
Sakis Rouvas,Video,8,50,0.16
Sakura Gakuin,Live,2,20,0.1
Sakura Gakuin,Studio,11,20,0.55
Sakura Gakuin,Video,7,20,0.35
Sandy Lam,Studio,10,10,1.0
Sean Garrett,Mixtape,1,2,0.5
Sean Garrett,Studio,1,2,0.5
Sean Paul,Mixtape,1,8,0.125
Sean Paul,Studio,6,8,0.75
Sean Paul,Video,1,8,0.125
Seether,Compilation,2,10,0.2
Seether,Live,1,10,0.1
Seether,Studio,7,10,0.7
Selena Gomez,Compilation,2,7,0.2857142857142857
Selena Gomez,Studio,5,7,0.7142857142857143
Serena Ryder,Studio,5,5,1.0
Serge Gainsbourg,Compilation,1,25,0.04
Serge Gainsbourg,Live,4,25,0.16
Serge Gainsbourg,Studio,16,25,0.64
Serge Gainsbourg,Tribute,4,25,0.16
Seth MacFarlane,Studio,5,5,1.0
Shakira,Collaboration,8,26,0.3076923076923077
Shakira,Compilation,3,26,0.11538461538461539
Shakira,Live,4,26,0.15384615384615385
Shakira,Studio,11,26,0.4230769230769231
Shane Filan,Compilation,8,34,0.23529411764705882
Shane Filan,Studio,14,34,0.4117647058823529
Shane Filan,Video,12,34,0.35294117647058826
Shania Twain,Compilation,2,14,0.14285714285714285
Shania Twain,Live,1,14,0.07142857142857142
Shania Twain,Studio,5,14,0.35714285714285715
Shania Twain,Video,6,14,0.42857142857142855
Shawn Mendes,Live,2,5,0.4
Shawn Mendes,Studio,3,5,0.6
Shontelle,Studio,2,2,1.0
Simple Minds,Compilation,8,14,0.5714285714285714
Simple Minds,Live,6,14,0.42857142857142855
Simple Plan,Extended Play,1,7,0.14285714285714285
Simple Plan,Live,1,7,0.14285714285714285
Simple Plan,Studio,5,7,0.7142857142857143
Siti Nurhaliza,Compilation,1,20,0.05
Siti Nurhaliza,Live,2,20,0.1
Siti Nurhaliza,Other,2,20,0.1
Siti Nurhaliza,Studio,15,20,0.75
Slayer,Box set,2,23,0.08695652173913043
Slayer,Extended Play,2,23,0.08695652173913043
Slayer,Live,3,23,0.13043478260869565
Slayer,Studio,12,23,0.5217391304347826
Slayer,Video,4,23,0.17391304347826086
Smash Mouth,Compilation,1,8,0.125
Smash Mouth,Studio,7,8,0.875
Snow Patrol,Compilation,4,17,0.23529411764705882
Snow Patrol,Extended Play,5,17,0.29411764705882354
Snow Patrol,Studio,7,17,0.4117647058823529
Snow Patrol,Video,1,17,0.058823529411764705
Sonata Arctica,Compilation,2,14,0.14285714285714285
Sonata Arctica,Live,3,14,0.21428571428571427
Sonata Arctica,Studio,9,14,0.6428571428571429
Soulja Boy,Compilation,1,6,0.16666666666666666
Soulja Boy,Studio,5,6,0.8333333333333334
Spice Girls,Compilation,2,28,0.07142857142857142
Spice Girls,Studio,20,28,0.7142857142857143
Spice Girls,Video,6,28,0.21428571428571427
Spose,Mixtape,1,1,1.0
Steel Panther,Studio,4,4,1.0
Stefanie Sun,Compilation,2,13,0.15384615384615385
Stefanie Sun,Studio,11,13,0.8461538461538461
Steve Winwood,Compilation,6,23,0.2608695652173913
Steve Winwood,Live,4,23,0.17391304347826086
Steve Winwood,Studio,13,23,0.5652173913043478
Stevie Wonder,Compilation,7,37,0.1891891891891892
Stevie Wonder,Live,4,37,0.10810810810810811
Stevie Wonder,Soundtrack,3,37,0.08108108108108109
Stevie Wonder,Studio,23,37,0.6216216216216216
Street Drum Corps,Studio,2,2,1.0
Stromae,Studio,2,3,0.6666666666666666
Stromae,Video,1,3,0.3333333333333333
Sugarland,Live,1,7,0.14285714285714285
Sugarland,Studio,6,7,0.8571428571428571
Sully Erna,Compilation,1,13,0.07692307692307693
Sully Erna,Extended Play,1,13,0.07692307692307693
Sully Erna,Live,1,13,0.07692307692307693
Sully Erna,Other,1,13,0.07692307692307693
Sully Erna,Studio,9,13,0.6923076923076923
Sum 41,Compilation,1,14,0.07142857142857142
Sum 41,Live,2,14,0.14285714285714285
Sum 41,Studio,7,14,0.5
Sum 41,Video,4,14,0.2857142857142857
Sunidhi Chauhan,Extended Play,3,5,0.6
Sunidhi Chauhan,Other,2,5,0.4
Super Junior,Studio,2,2,1.0
Super Monkey's,Compilation,9,33,0.2727272727272727
Super Monkey's,Remix,3,33,0.09090909090909091
Super Monkey's,Studio,17,33,0.5151515151515151
Super Monkey's,Video,4,33,0.12121212121212122
Supertramp,Compilation,4,15,0.26666666666666666
Supertramp,Live,8,15,0.5333333333333333
Supertramp,Studio,3,15,0.2
Swae Lee,Studio,4,4,1.0
T Lopez,Compilation,1,1,1.0
T-ara,Compilation,1,11,0.09090909090909091
T-ara,Extended Play,10,11,0.9090909090909091
TV on the Radio,Studio,6,6,1.0
Taio Cruz,Compilation,1,4,0.25
Taio Cruz,Studio,3,4,0.75
Takako Matsu,Studio,3,3,1.0
Take That,Compilation,18,50,0.36
Take That,Live,2,50,0.04
Take That,Other,3,50,0.06
Take That,Studio,27,50,0.54
Tamar Braxton,Studio,7,7,1.0
Tami Chynn,Studio,8,8,1.0
Taylor Swift,Extended Play,2,16,0.125
Taylor Swift,Live,1,16,0.0625
Taylor Swift,Soundtrack,6,16,0.375
Taylor Swift,Studio,7,16,0.4375
Tears for Fears,Compilation,4,12,0.3333333333333333
Tears for Fears,Extended Play,1,12,0.08333333333333333
Tears for Fears,Live,1,12,0.08333333333333333
Tears for Fears,Studio,6,12,0.5
Tessanne Chin,Studio,2,2,1.0
Teyana Taylor,Compilation,2,6,0.3333333333333333
Teyana Taylor,Mixtape,2,6,0.3333333333333333
Teyana Taylor,Studio,2,6,0.3333333333333333
The 1975,Extended Play,4,8,0.5
The 1975,Studio,4,8,0.5
The Airborne Toxic Event,Studio,4,4,1.0
The All-American Rejects,Studio,4,8,0.5
The All-American Rejects,Video,4,8,0.5
The Aquabats,Compilation,1,7,0.14285714285714285
The Aquabats,Studio,5,7,0.7142857142857143
The Aquabats,Video,1,7,0.14285714285714285
The Beatles,Box set,66,380,0.1736842105263158
The Beatles,Compilation,82,380,0.21578947368421053
The Beatles,Extended Play,32,380,0.08421052631578947
The Beatles,Live,62,380,0.1631578947368421
The Beatles,Other,44,380,0.11578947368421053
The Beatles,Remix,8,380,0.021052631578947368
The Beatles,Studio,86,380,0.22631578947368422
The Black Eyed Peas,Collaboration,11,28,0.39285714285714285
The Black Eyed Peas,Compilation,2,28,0.07142857142857142
The Black Eyed Peas,Soundtrack,2,28,0.07142857142857142
The Black Eyed Peas,Studio,11,28,0.39285714285714285
The Black Eyed Peas,Video,2,28,0.07142857142857142
The Bravery,Remix,1,4,0.25
The Bravery,Studio,3,4,0.75
The Carpenters,Compilation,16,35,0.45714285714285713
The Carpenters,Live,2,35,0.05714285714285714
The Carpenters,Other,3,35,0.08571428571428572
The Carpenters,Studio,14,35,0.4
The Chemical Brothers,Compilation,3,20,0.15
The Chemical Brothers,Extended Play,5,20,0.25
The Chemical Brothers,Live,2,20,0.1
The Chemical Brothers,Soundtrack,1,20,0.05
The Chemical Brothers,Studio,9,20,0.45
The Cranberries,Compilation,3,17,0.17647058823529413
The Cranberries,Live,1,17,0.058823529411764705
The Cranberries,Studio,10,17,0.5882352941176471
The Cranberries,Video,3,17,0.17647058823529413
The Crystal Method,Other,3,9,0.3333333333333333
The Crystal Method,Studio,6,9,0.6666666666666666
The Cure,Compilation,5,31,0.16129032258064516
The Cure,Extended Play,2,31,0.06451612903225806
The Cure,Live,5,31,0.16129032258064516
The Cure,Remix,2,31,0.06451612903225806
The Cure,Studio,14,31,0.45161290322580644
The Cure,Video,3,31,0.0967741935483871
The Drums,Extended Play,1,6,0.16666666666666666
The Drums,Studio,5,6,0.8333333333333334
The Eagles,Compilation,6,13,0.46153846153846156
The Eagles,Studio,7,13,0.5384615384615384
The Go-Go's,Compilation,6,14,0.42857142857142855
The Go-Go's,Studio,8,14,0.5714285714285714
The Jackson 5,Collaboration,4,21,0.19047619047619047
The Jackson 5,Compilation,14,21,0.6666666666666666
The Jackson 5,Live,3,21,0.14285714285714285
The Killers,Compilation,3,10,0.3
The Killers,Extended Play,1,10,0.1
The Killers,Live,1,10,0.1
The Killers,Studio,5,10,0.5
The Knife,Remix,2,9,0.2222222222222222
The Knife,Soundtrack,1,9,0.1111111111111111
The Knife,Studio,5,9,0.5555555555555556
The Knife,Video,1,9,0.1111111111111111
The Lonely Island,Studio,5,5,1.0
The Naked and Famous,Compilation,2,8,0.25
The Naked and Famous,Extended Play,2,8,0.25
The Naked and Famous,Studio,3,8,0.375
The Naked and Famous,Video,1,8,0.125
The Notorious B.I.G.,Compilation,2,9,0.2222222222222222
The Notorious B.I.G.,Posthumous,3,9,0.3333333333333333
The Notorious B.I.G.,Studio,4,9,0.4444444444444444
The Offspring,Compilation,3,15,0.2
The Offspring,Studio,9,15,0.6
The Offspring,Video,3,15,0.2
The Outfield,Compilation,2,13,0.15384615384615385
The Outfield,Live,2,13,0.15384615384615385
The Outfield,Studio,9,13,0.6923076923076923
The Parlotones,Studio,8,8,1.0
The Police,Box set,2,36,0.05555555555555555
The Police,Compilation,8,36,0.2222222222222222
The Police,Live,7,36,0.19444444444444445
The Police,Studio,19,36,0.5277777777777778
The Presets,Studio,4,4,1.0
The Saturdays,Compilation,1,7,0.14285714285714285
The Saturdays,Extended Play,2,7,0.2857142857142857
The Saturdays,Studio,4,7,0.5714285714285714
The Tragically Hip,Compilation,2,16,0.125
The Tragically Hip,Live,1,16,0.0625
The Tragically Hip,Studio,13,16,0.8125
The Veer Union,Extended Play,1,5,0.2
The Veer Union,Studio,4,5,0.8
The Wanted,Extended Play,1,2,0.5
The Wanted,Studio,1,2,0.5
The Weeknd,Compilation,1,7,0.14285714285714285
The Weeknd,Mixtape,3,7,0.42857142857142855
The Weeknd,Studio,3,7,0.42857142857142855
The Who,Compilation,22,56,0.39285714285714285
The Who,Extended Play,3,56,0.05357142857142857
The Who,Live,15,56,0.26785714285714285
The Who,Soundtrack,4,56,0.07142857142857142
The Who,Studio,11,56,0.19642857142857142
The Who,Tribute,1,56,0.017857142857142856
The-Dream,Studio,5,5,1.0
Thirty Seconds to Mars,Extended Play,3,8,0.375
Thirty Seconds to Mars,Studio,5,8,0.625
Tiffany Darwish,Compilation,1,11,0.09090909090909091
Tiffany Darwish,Studio,10,11,0.9090909090909091
Tim McGraw,Compilation,6,21,0.2857142857142857
Tim McGraw,Studio,15,21,0.7142857142857143
Tinchy Stryder,Extended Play,10,28,0.35714285714285715
Tinchy Stryder,Mixtape,6,28,0.21428571428571427
Tinchy Stryder,Other,6,28,0.21428571428571427
Tinchy Stryder,Studio,6,28,0.21428571428571427
Tiwa Savage,Compilation,1,3,0.3333333333333333
Tiwa Savage,Studio,2,3,0.6666666666666666
Tiziano Ferro,Compilation,1,1,1.0
Tiësto,Remix,3,13,0.23076923076923078
Tiësto,Studio,6,13,0.46153846153846156
Tiësto,Video,4,13,0.3076923076923077
Tokio Hotel,Compilation,2,9,0.2222222222222222
Tokio Hotel,Extended Play,1,9,0.1111111111111111
Tokio Hotel,Studio,6,9,0.6666666666666666
Tom Tom Club,Compilation,6,16,0.375
Tom Tom Club,Live,2,16,0.125
Tom Tom Club,Studio,8,16,0.5
Toni Braxton,Compilation,7,10,0.7
Toni Braxton,Studio,2,10,0.2
Toni Braxton,Video,1,10,0.1
Tori Kelly,Studio,2,2,1.0
Tove Lo,Extended Play,1,4,0.25
Tove Lo,Studio,3,4,0.75
Trippie Redd,Mixtape,3,4,0.75
Trippie Redd,Studio,1,4,0.25
Troye Sivan,Extended Play,4,6,0.6666666666666666
Troye Sivan,Studio,2,6,0.3333333333333333
Tupac Shakur,Collaboration,10,73,0.136986301369863
Tupac Shakur,Compilation,13,73,0.1780821917808219
Tupac Shakur,Extended Play,1,73,0.0136986301369863
Tupac Shakur,Live,2,73,0.0273972602739726
Tupac Shakur,Other,29,73,0.3972602739726027
Tupac Shakur,Posthumous,7,73,0.0958904109589041
Tupac Shakur,Studio,11,73,0.1506849315068493
Tyga,Compilation,3,15,0.2
Tyga,Mixtape,4,15,0.26666666666666666
Tyga,Studio,8,15,0.5333333333333333
Tyler Joseph,Studio,4,4,1.0
Tyson Ritter,Studio,4,8,0.5
Tyson Ritter,Video,4,8,0.5
U2,Compilation,11,39,0.28205128205128205
U2,Live,14,39,0.358974358974359
U2,Studio,14,39,0.358974358974359
Ultrabeat,Studio,2,2,1.0
Van Halen,Compilation,4,18,0.2222222222222222
Van Halen,Live,2,18,0.1111111111111111
Van Halen,Studio,12,18,0.6666666666666666
Vanessa Carlton,Studio,5,5,1.0
Vangelis,Collaboration,2,53,0.03773584905660377
Vangelis,Compilation,7,53,0.1320754716981132
Vangelis,Other,6,53,0.11320754716981132
Vangelis,Soundtrack,9,53,0.16981132075471697
Vangelis,Studio,29,53,0.5471698113207547
Vince Gill,Compilation,2,28,0.07142857142857142
Vince Gill,Extended Play,1,28,0.03571428571428571
Vince Gill,Other,2,28,0.07142857142857142
Vince Gill,Studio,23,28,0.8214285714285714
Vince Staples,Extended Play,2,7,0.2857142857142857
Vince Staples,Mixtape,2,7,0.2857142857142857
Vince Staples,Studio,3,7,0.42857142857142855
Volbeat,Studio,7,7,1.0
Weezer,Compilation,1,19,0.05263157894736842
Weezer,Extended Play,5,19,0.2631578947368421
Weezer,Studio,13,19,0.6842105263157895
Westlife,Compilation,8,39,0.20512820512820512
Westlife,Studio,19,39,0.48717948717948717
Westlife,Video,12,39,0.3076923076923077
Will Pan,Compilation,1,13,0.07692307692307693
Will Pan,Remix,1,13,0.07692307692307693
Will Pan,Studio,11,13,0.8461538461538461
Wisin & Yandel,Collaboration,3,25,0.12
Wisin & Yandel,Compilation,2,25,0.08
Wisin & Yandel,Live,3,25,0.12
Wisin & Yandel,Soundtrack,2,25,0.08
Wisin & Yandel,Studio,15,25,0.6
Within Temptation,Cover,1,13,0.07692307692307693
Within Temptation,Live,5,13,0.38461538461538464
Within Temptation,Studio,7,13,0.5384615384615384
Wiz Khalifa,Collaboration,2,17,0.11764705882352941
Wiz Khalifa,Compilation,1,17,0.058823529411764705
Wiz Khalifa,Mixtape,7,17,0.4117647058823529
Wiz Khalifa,Soundtrack,1,17,0.058823529411764705
Wiz Khalifa,Studio,6,17,0.35294117647058826
Wolfmother,Extended Play,3,8,0.375
Wolfmother,Studio,4,8,0.5
Wolfmother,Video,1,8,0.125
Wonder Girls,Extended Play,4,7,0.5714285714285714
Wonder Girls,Studio,3,7,0.42857142857142855
Wyclef Jean,Compilation,3,11,0.2727272727272727
Wyclef Jean,Studio,8,11,0.7272727272727273
Xuxa,Compilation,1,31,0.03225806451612903
Xuxa,Soundtrack,2,31,0.06451612903225806
Xuxa,Studio,28,31,0.9032258064516129
Yazz,Studio,2,2,1.0
Yeah Yeah Yeahs,Extended Play,3,9,0.3333333333333333
Yeah Yeah Yeahs,Other,1,9,0.1111111111111111
Yeah Yeah Yeahs,Studio,4,9,0.4444444444444444
Yeah Yeah Yeahs,Video,1,9,0.1111111111111111
Yelle,Extended Play,1,4,0.25
Yelle,Studio,3,4,0.75
Yellow Magic Orchestra,Compilation,3,19,0.15789473684210525
Yellow Magic Orchestra,Live,8,19,0.42105263157894735
Yellow Magic Orchestra,Studio,8,19,0.42105263157894735
Yngwie Malmsteen,Compilation,6,35,0.17142857142857143
Yngwie Malmsteen,Live,6,35,0.17142857142857143
Yngwie Malmsteen,Studio,23,35,0.6571428571428571
Yoko Ono,Box set,4,28,0.14285714285714285
Yoko Ono,Compilation,13,28,0.4642857142857143
Yoko Ono,Live,5,28,0.17857142857142858
Yoko Ono,Other,3,28,0.10714285714285714
Yoko Ono,Remix,3,28,0.10714285714285714
Young Jeezy,Collaboration,4,19,0.21052631578947367
Young Jeezy,Mixtape,5,19,0.2631578947368421
Young Jeezy,Other,2,19,0.10526315789473684
Young Jeezy,Studio,8,19,0.42105263157894735
Yung L.A.,Compilation,5,5,1.0
Zendaya,Extended Play,1,2,0.5
Zendaya,Studio,1,2,0.5
Zucchero,Compilation,2,10,0.2
Zucchero,Studio,8,10,0.8
Zélia Duncan,Compilation,2,14,0.14285714285714285
Zélia Duncan,Live,2,14,0.14285714285714285
Zélia Duncan,Studio,10,14,0.7142857142857143
t.A.T.u.,Compilation,3,9,0.3333333333333333
t.A.T.u.,Studio,6,9,0.6666666666666666
will.i.am,Compilation,2,15,0.13333333333333333
will.i.am,Studio,11,15,0.7333333333333333
will.i.am,Video,2,15,0.13333333333333333
